tipo,data,total_chamados
Perturbação do sossego,2021-01-01,40
Perturbação do sossego,2021-01-02,37
Perturbação do sossego,2021-01-03,65
Perturbação do sossego,2021-01-04,40
Perturbação do sossego,2021-01-05,30
Perturbação do sossego,2021-01-06,42
Perturbação do sossego,2021-01-07,52
Perturbação do sossego,2021-01-08,44
Perturbação do sossego,2021-01-09,64
Perturbação do sossego,2021-01-10,101
Perturbação do sossego,2021-01-11,40
Perturbação do sossego,2021-01-12,25
Perturbação do sossego,2021-01-13,52
Perturbação do sossego,2021-01-14,46
Perturbação do sossego,2021-01-15,73
Perturbação do sossego,2021-01-16,92
Perturbação do sossego,2021-01-17,98
Perturbação do sossego,2021-01-18,33
Perturbação do sossego,2021-01-19,39
Perturbação do sossego,2021-01-20,22
Perturbação do sossego,2021-01-21,61
Perturbação do sossego,2021-01-22,71
Perturbação do sossego,2021-01-23,81
Perturbação do sossego,2021-01-24,100
Perturbação do sossego,2021-01-25,89
Perturbação do sossego,2021-01-26,47
Perturbação do sossego,2021-01-27,36
Perturbação do sossego,2021-01-28,39
Perturbação do sossego,2021-01-29,37
Perturbação do sossego,2021-01-30,82
Perturbação do sossego,2021-01-31,86
Perturbação do sossego,2021-02-01,29
Perturbação do sossego,2021-02-02,34
Perturbação do sossego,2021-02-03,50
Perturbação do sossego,2021-02-04,40
Perturbação do sossego,2021-02-05,70
Perturbação do sossego,2021-02-06,216
Perturbação do sossego,2021-02-07,192
Perturbação do sossego,2021-02-08,64
Perturbação do sossego,2021-02-09,56
Perturbação do sossego,2021-02-10,55
Perturbação do sossego,2021-02-11,66
Perturbação do sossego,2021-02-12,81
Perturbação do sossego,2021-02-13,92
Perturbação do sossego,2021-02-14,136
Perturbação do sossego,2021-02-15,73
Perturbação do sossego,2021-02-16,111
Perturbação do sossego,2021-02-17,67
Perturbação do sossego,2021-02-18,52
Perturbação do sossego,2021-02-19,61
Perturbação do sossego,2021-02-20,91
Perturbação do sossego,2021-02-21,94
Perturbação do sossego,2021-02-22,26
Perturbação do sossego,2021-02-23,37
Perturbação do sossego,2021-02-24,41
Perturbação do sossego,2021-02-25,66
Perturbação do sossego,2021-02-26,75
Perturbação do sossego,2021-02-27,88
Perturbação do sossego,2021-02-28,127
Perturbação do sossego,2021-03-01,67
Perturbação do sossego,2021-03-02,31
Perturbação do sossego,2021-03-03,31
Perturbação do sossego,2021-03-04,32
Perturbação do sossego,2021-03-05,72
Perturbação do sossego,2021-03-06,167
Perturbação do sossego,2021-03-07,218
Perturbação do sossego,2021-03-08,38
Perturbação do sossego,2021-03-09,34
Perturbação do sossego,2021-03-10,54
Perturbação do sossego,2021-03-11,49
Perturbação do sossego,2021-03-12,55
Perturbação do sossego,2021-03-13,70
Perturbação do sossego,2021-03-14,85
Perturbação do sossego,2021-03-15,24
Perturbação do sossego,2021-03-16,41
Perturbação do sossego,2021-03-17,41
Perturbação do sossego,2021-03-18,45
Perturbação do sossego,2021-03-19,50
Perturbação do sossego,2021-03-20,83
Perturbação do sossego,2021-03-21,80
Perturbação do sossego,2021-03-22,39
Perturbação do sossego,2021-03-23,28
Perturbação do sossego,2021-03-24,43
Perturbação do sossego,2021-03-25,57
Perturbação do sossego,2021-03-26,66
Perturbação do sossego,2021-03-27,94
Perturbação do sossego,2021-03-28,83
Perturbação do sossego,2021-03-29,34
Perturbação do sossego,2021-03-30,34
Perturbação do sossego,2021-03-31,44
Perturbação do sossego,2021-04-01,67
Perturbação do sossego,2021-04-02,77
Perturbação do sossego,2021-04-03,91
Perturbação do sossego,2021-04-04,54
Perturbação do sossego,2021-04-05,52
Perturbação do sossego,2021-04-06,41
Perturbação do sossego,2021-04-07,65
Perturbação do sossego,2021-04-08,34
Perturbação do sossego,2021-04-09,94
Perturbação do sossego,2021-04-10,123
Perturbação do sossego,2021-04-11,87
Perturbação do sossego,2021-04-12,39
Perturbação do sossego,2021-04-13,28
Perturbação do sossego,2021-04-14,53
Perturbação do sossego,2021-04-15,56
Perturbação do sossego,2021-04-16,67
Perturbação do sossego,2021-04-17,90
Perturbação do sossego,2021-04-18,80
Perturbação do sossego,2021-04-19,57
Perturbação do sossego,2021-04-20,37
Perturbação do sossego,2021-04-21,72
Perturbação do sossego,2021-04-22,53
Perturbação do sossego,2021-04-23,97
Perturbação do sossego,2021-04-24,120
Perturbação do sossego,2021-04-25,116
Perturbação do sossego,2021-04-26,50
Perturbação do sossego,2021-04-27,44
Perturbação do sossego,2021-04-28,39
Perturbação do sossego,2021-04-29,60
Perturbação do sossego,2021-04-30,102
Perturbação do sossego,2021-05-01,125
Perturbação do sossego,2021-05-02,107
Perturbação do sossego,2021-05-03,79
Perturbação do sossego,2021-05-04,47
Perturbação do sossego,2021-05-05,65
Perturbação do sossego,2021-05-06,62
Perturbação do sossego,2021-05-07,63
Perturbação do sossego,2021-05-08,104
Perturbação do sossego,2021-05-09,93
Perturbação do sossego,2021-05-10,81
Perturbação do sossego,2021-05-11,72
Perturbação do sossego,2021-05-12,85
Perturbação do sossego,2021-05-13,75
Perturbação do sossego,2021-05-14,119
Perturbação do sossego,2021-05-15,108
Perturbação do sossego,2021-05-16,124
Perturbação do sossego,2021-05-17,58
Perturbação do sossego,2021-05-18,42
Perturbação do sossego,2021-05-19,81
Perturbação do sossego,2021-05-20,83
Perturbação do sossego,2021-05-21,122
Perturbação do sossego,2021-05-22,114
Perturbação do sossego,2021-05-23,126
Perturbação do sossego,2021-05-24,56
Perturbação do sossego,2021-05-25,58
Perturbação do sossego,2021-05-26,70
Perturbação do sossego,2021-05-27,77
Perturbação do sossego,2021-05-28,150
Perturbação do sossego,2021-05-29,159
Perturbação do sossego,2021-05-30,101
Perturbação do sossego,2021-05-31,37
Perturbação do sossego,2021-06-01,59
Perturbação do sossego,2021-06-02,74
Perturbação do sossego,2021-06-03,121
Perturbação do sossego,2021-06-04,161
Perturbação do sossego,2021-06-05,108
Perturbação do sossego,2021-06-06,268
Perturbação do sossego,2021-06-07,42
Perturbação do sossego,2021-06-08,55
Perturbação do sossego,2021-06-09,71
Perturbação do sossego,2021-06-10,60
Perturbação do sossego,2021-06-11,90
Perturbação do sossego,2021-06-12,124
Perturbação do sossego,2021-06-13,130
Perturbação do sossego,2021-06-14,63
Perturbação do sossego,2021-06-15,63
Perturbação do sossego,2021-06-16,72
Perturbação do sossego,2021-06-17,67
Perturbação do sossego,2021-06-18,156
Perturbação do sossego,2021-06-19,259
Perturbação do sossego,2021-06-20,145
Perturbação do sossego,2021-06-21,62
Perturbação do sossego,2021-06-22,33
Perturbação do sossego,2021-06-23,62
Perturbação do sossego,2021-06-24,82
Perturbação do sossego,2021-06-25,108
Perturbação do sossego,2021-06-26,152
Perturbação do sossego,2021-06-27,154
Perturbação do sossego,2021-06-28,85
Perturbação do sossego,2021-06-29,50
Perturbação do sossego,2021-06-30,73
Perturbação do sossego,2021-07-01,81
Perturbação do sossego,2021-07-02,124
Perturbação do sossego,2021-07-03,132
Perturbação do sossego,2021-07-04,181
Perturbação do sossego,2021-07-05,60
Perturbação do sossego,2021-07-06,41
Perturbação do sossego,2021-07-07,73
Perturbação do sossego,2021-07-08,114
Perturbação do sossego,2021-07-09,126
Perturbação do sossego,2021-07-10,151
Perturbação do sossego,2021-07-11,193
Perturbação do sossego,2021-07-12,69
Perturbação do sossego,2021-07-13,74
Perturbação do sossego,2021-07-14,97
Perturbação do sossego,2021-07-15,95
Perturbação do sossego,2021-07-16,149
Perturbação do sossego,2021-07-17,156
Perturbação do sossego,2021-07-18,143
Perturbação do sossego,2021-07-19,79
Perturbação do sossego,2021-07-20,73
Perturbação do sossego,2021-07-21,93
Perturbação do sossego,2021-07-22,123
Perturbação do sossego,2021-07-23,143
Perturbação do sossego,2021-07-24,142
Perturbação do sossego,2021-07-25,159
Perturbação do sossego,2021-07-26,80
Perturbação do sossego,2021-07-27,35
Perturbação do sossego,2021-07-28,26
Perturbação do sossego,2021-07-29,72
Perturbação do sossego,2021-07-30,62
Perturbação do sossego,2021-07-31,97
Perturbação do sossego,2021-08-01,88
Perturbação do sossego,2021-08-02,57
Perturbação do sossego,2021-08-03,77
Perturbação do sossego,2021-08-04,82
Perturbação do sossego,2021-08-05,94
Perturbação do sossego,2021-08-06,100
Perturbação do sossego,2021-08-07,142
Perturbação do sossego,2021-08-08,128
Perturbação do sossego,2021-08-09,71
Perturbação do sossego,2021-08-10,65
Perturbação do sossego,2021-08-11,82
Perturbação do sossego,2021-08-12,67
Perturbação do sossego,2021-08-13,79
Perturbação do sossego,2021-08-14,117
Perturbação do sossego,2021-08-15,157
Perturbação do sossego,2021-08-16,69
Perturbação do sossego,2021-08-17,47
Perturbação do sossego,2021-08-18,95
Perturbação do sossego,2021-08-19,81
Perturbação do sossego,2021-08-20,114
Perturbação do sossego,2021-08-21,119
Perturbação do sossego,2021-08-22,137
Perturbação do sossego,2021-08-23,69
Perturbação do sossego,2021-08-24,53
Perturbação do sossego,2021-08-25,72
Perturbação do sossego,2021-08-26,91
Perturbação do sossego,2021-08-27,84
Perturbação do sossego,2021-08-28,105
Perturbação do sossego,2021-08-29,111
Perturbação do sossego,2021-08-30,52
Perturbação do sossego,2021-08-31,75
Perturbação do sossego,2021-09-01,62
Perturbação do sossego,2021-09-02,88
Perturbação do sossego,2021-09-03,116
Perturbação do sossego,2021-09-04,119
Perturbação do sossego,2021-09-05,138
Perturbação do sossego,2021-09-06,80
Perturbação do sossego,2021-09-07,101
Perturbação do sossego,2021-09-08,69
Perturbação do sossego,2021-09-09,72
Perturbação do sossego,2021-09-10,106
Perturbação do sossego,2021-09-11,128
Perturbação do sossego,2021-09-12,138
Perturbação do sossego,2021-09-13,74
Perturbação do sossego,2021-09-14,55
Perturbação do sossego,2021-09-15,78
Perturbação do sossego,2021-09-16,61
Perturbação do sossego,2021-09-17,96
Perturbação do sossego,2021-09-18,145
Perturbação do sossego,2021-09-19,155
Perturbação do sossego,2021-09-20,58
Perturbação do sossego,2021-09-21,91
Perturbação do sossego,2021-09-22,105
Perturbação do sossego,2021-09-23,72
Perturbação do sossego,2021-09-24,99
Perturbação do sossego,2021-09-25,93
Perturbação do sossego,2021-09-26,119
Perturbação do sossego,2021-09-27,80
Perturbação do sossego,2021-09-28,65
Perturbação do sossego,2021-09-29,79
Perturbação do sossego,2021-09-30,97
Perturbação do sossego,2021-10-01,97
Perturbação do sossego,2021-10-02,133
Perturbação do sossego,2021-10-03,155
Perturbação do sossego,2021-10-04,62
Perturbação do sossego,2021-10-05,43
Perturbação do sossego,2021-10-06,98
Perturbação do sossego,2021-10-07,58
Perturbação do sossego,2021-10-08,68
Perturbação do sossego,2021-10-09,129
Perturbação do sossego,2021-10-10,117
Perturbação do sossego,2021-10-11,79
Perturbação do sossego,2021-10-12,108
Perturbação do sossego,2021-10-13,73
Perturbação do sossego,2021-10-14,86
Perturbação do sossego,2021-10-15,85
Perturbação do sossego,2021-10-16,112
Perturbação do sossego,2021-10-17,126
Perturbação do sossego,2021-10-18,84
Perturbação do sossego,2021-10-19,51
Perturbação do sossego,2021-10-20,57
Perturbação do sossego,2021-10-21,77
Perturbação do sossego,2021-10-22,112
Perturbação do sossego,2021-10-23,149
Perturbação do sossego,2021-10-24,138
Perturbação do sossego,2021-10-25,55
Perturbação do sossego,2021-10-26,59
Perturbação do sossego,2021-10-27,68
Perturbação do sossego,2021-10-28,72
Perturbação do sossego,2021-10-29,79
Perturbação do sossego,2021-10-30,93
Perturbação do sossego,2021-10-31,95
Perturbação do sossego,2021-11-01,68
Perturbação do sossego,2021-11-02,91
Perturbação do sossego,2021-11-03,72
Perturbação do sossego,2021-11-04,86
Perturbação do sossego,2021-11-05,97
Perturbação do sossego,2021-11-06,129
Perturbação do sossego,2021-11-07,141
Perturbação do sossego,2021-11-08,112
Perturbação do sossego,2021-11-09,64
Perturbação do sossego,2021-11-10,64
Perturbação do sossego,2021-11-11,98
Perturbação do sossego,2021-11-12,89
Perturbação do sossego,2021-11-13,154
Perturbação do sossego,2021-11-14,173
Perturbação do sossego,2021-11-15,115
Perturbação do sossego,2021-11-16,61
Perturbação do sossego,2021-11-17,59
Perturbação do sossego,2021-11-18,67
Perturbação do sossego,2021-11-19,86
Perturbação do sossego,2021-11-20,143
Perturbação do sossego,2021-11-21,160
Perturbação do sossego,2021-11-22,87
Perturbação do sossego,2021-11-23,62
Perturbação do sossego,2021-11-24,63
Perturbação do sossego,2021-11-25,83
Perturbação do sossego,2021-11-26,90
Perturbação do sossego,2021-11-27,130
Perturbação do sossego,2021-11-28,91
Perturbação do sossego,2021-11-29,44
Perturbação do sossego,2021-11-30,44
Perturbação do sossego,2021-12-01,85
Perturbação do sossego,2021-12-02,82
Perturbação do sossego,2021-12-03,96
Perturbação do sossego,2021-12-04,118
Perturbação do sossego,2021-12-05,107
Perturbação do sossego,2021-12-06,48
Perturbação do sossego,2021-12-07,81
Perturbação do sossego,2021-12-08,56
Perturbação do sossego,2021-12-09,63
Perturbação do sossego,2021-12-10,135
Perturbação do sossego,2021-12-11,128
Perturbação do sossego,2021-12-12,82
Perturbação do sossego,2021-12-13,90
Perturbação do sossego,2021-12-14,59
Perturbação do sossego,2021-12-15,52
Perturbação do sossego,2021-12-16,44
Perturbação do sossego,2021-12-17,166
Perturbação do sossego,2021-12-18,99
Perturbação do sossego,2021-12-19,116
Perturbação do sossego,2021-12-20,46
Perturbação do sossego,2021-12-21,62
Perturbação do sossego,2021-12-22,63
Perturbação do sossego,2021-12-23,63
Perturbação do sossego,2021-12-24,44
Perturbação do sossego,2021-12-25,60
Perturbação do sossego,2021-12-26,75
Perturbação do sossego,2021-12-27,54
Perturbação do sossego,2021-12-28,55
Perturbação do sossego,2021-12-29,57
Perturbação do sossego,2021-12-30,45
Perturbação do sossego,2021-12-31,44
Perturbação do sossego,2022-01-01,49
Perturbação do sossego,2022-01-02,65
Perturbação do sossego,2022-01-03,42
Perturbação do sossego,2022-01-04,42
Perturbação do sossego,2022-01-05,40
Perturbação do sossego,2022-01-06,42
Perturbação do sossego,2022-01-07,59
Perturbação do sossego,2022-01-08,87
Perturbação do sossego,2022-01-09,141
Perturbação do sossego,2022-01-10,44
Perturbação do sossego,2022-01-11,33
Perturbação do sossego,2022-01-12,71
Perturbação do sossego,2022-01-13,65
Perturbação do sossego,2022-01-14,84
Perturbação do sossego,2022-01-15,103
Perturbação do sossego,2022-01-16,197
Perturbação do sossego,2022-01-17,59
Perturbação do sossego,2022-01-18,38
Perturbação do sossego,2022-01-19,82
Perturbação do sossego,2022-01-20,104
Perturbação do sossego,2022-01-21,75
Perturbação do sossego,2022-01-22,110
Perturbação do sossego,2022-01-23,115
Perturbação do sossego,2022-01-24,55
Perturbação do sossego,2022-01-25,43
Perturbação do sossego,2022-01-26,54
Perturbação do sossego,2022-01-27,60
Perturbação do sossego,2022-01-28,81
Perturbação do sossego,2022-01-29,98
Perturbação do sossego,2022-01-30,91
Perturbação do sossego,2022-01-31,67
Perturbação do sossego,2022-02-01,55
Perturbação do sossego,2022-02-02,46
Perturbação do sossego,2022-02-03,69
Perturbação do sossego,2022-02-04,91
Perturbação do sossego,2022-02-05,109
Perturbação do sossego,2022-02-06,195
Perturbação do sossego,2022-02-07,32
Perturbação do sossego,2022-02-08,63
Perturbação do sossego,2022-02-09,77
Perturbação do sossego,2022-02-10,88
Perturbação do sossego,2022-02-11,121
Perturbação do sossego,2022-02-12,128
Perturbação do sossego,2022-02-13,207
Perturbação do sossego,2022-02-14,71
Perturbação do sossego,2022-02-15,50
Perturbação do sossego,2022-02-16,84
Perturbação do sossego,2022-02-17,105
Perturbação do sossego,2022-02-18,104
Perturbação do sossego,2022-02-19,148
Perturbação do sossego,2022-02-20,158
Perturbação do sossego,2022-02-21,50
Perturbação do sossego,2022-02-22,58
Perturbação do sossego,2022-02-23,59
Perturbação do sossego,2022-02-24,75
Perturbação do sossego,2022-02-25,113
Perturbação do sossego,2022-02-26,134
Perturbação do sossego,2022-02-27,126
Perturbação do sossego,2022-02-28,120
Perturbação do sossego,2022-03-01,66
Perturbação do sossego,2022-03-02,81
Perturbação do sossego,2022-03-03,54
Perturbação do sossego,2022-03-04,66
Perturbação do sossego,2022-03-05,118
Perturbação do sossego,2022-03-06,108
Perturbação do sossego,2022-03-07,56
Perturbação do sossego,2022-03-08,70
Perturbação do sossego,2022-03-09,60
Perturbação do sossego,2022-03-10,55
Perturbação do sossego,2022-03-11,110
Perturbação do sossego,2022-03-12,149
Perturbação do sossego,2022-03-13,135
Perturbação do sossego,2022-03-14,57
Perturbação do sossego,2022-03-15,48
Perturbação do sossego,2022-03-16,68
Perturbação do sossego,2022-03-17,111
Perturbação do sossego,2022-03-18,126
Perturbação do sossego,2022-03-19,123
Perturbação do sossego,2022-03-20,128
Perturbação do sossego,2022-03-21,77
Perturbação do sossego,2022-03-22,87
Perturbação do sossego,2022-03-23,67
Perturbação do sossego,2022-03-24,88
Perturbação do sossego,2022-03-25,114
Perturbação do sossego,2022-03-26,148
Perturbação do sossego,2022-03-27,92
Perturbação do sossego,2022-03-28,53
Perturbação do sossego,2022-03-29,48
Perturbação do sossego,2022-03-30,61
Perturbação do sossego,2022-03-31,68
Perturbação do sossego,2022-04-01,89
Perturbação do sossego,2022-04-02,117
Perturbação do sossego,2022-04-03,121
Perturbação do sossego,2022-04-04,48
Perturbação do sossego,2022-04-05,59
Perturbação do sossego,2022-04-06,46
Perturbação do sossego,2022-04-07,72
Perturbação do sossego,2022-04-08,123
Perturbação do sossego,2022-04-09,132
Perturbação do sossego,2022-04-10,113
Perturbação do sossego,2022-04-11,68
Perturbação do sossego,2022-04-12,44
Perturbação do sossego,2022-04-13,58
Perturbação do sossego,2022-04-14,53
Perturbação do sossego,2022-04-15,93
Perturbação do sossego,2022-04-16,132
Perturbação do sossego,2022-04-17,145
Perturbação do sossego,2022-04-18,54
Perturbação do sossego,2022-04-19,57
Perturbação do sossego,2022-04-20,94
Perturbação do sossego,2022-04-21,101
Perturbação do sossego,2022-04-22,188
Perturbação do sossego,2022-04-23,139
Perturbação do sossego,2022-04-24,104
Perturbação do sossego,2022-04-25,36
Perturbação do sossego,2022-04-26,67
Perturbação do sossego,2022-04-27,83
Perturbação do sossego,2022-04-28,70
Perturbação do sossego,2022-04-29,111
Perturbação do sossego,2022-04-30,124
Perturbação do sossego,2022-05-01,158
Perturbação do sossego,2022-05-02,68
Perturbação do sossego,2022-05-03,61
Perturbação do sossego,2022-05-04,56
Perturbação do sossego,2022-05-05,101
Perturbação do sossego,2022-05-06,120
Perturbação do sossego,2022-05-07,158
Perturbação do sossego,2022-05-08,103
Perturbação do sossego,2022-05-09,51
Perturbação do sossego,2022-05-10,79
Perturbação do sossego,2022-05-11,73
Perturbação do sossego,2022-05-12,94
Perturbação do sossego,2022-05-13,144
Perturbação do sossego,2022-05-14,175
Perturbação do sossego,2022-05-15,160
Perturbação do sossego,2022-05-16,72
Perturbação do sossego,2022-05-17,63
Perturbação do sossego,2022-05-18,72
Perturbação do sossego,2022-05-19,86
Perturbação do sossego,2022-05-20,119
Perturbação do sossego,2022-05-21,146
Perturbação do sossego,2022-05-22,192
Perturbação do sossego,2022-05-23,95
Perturbação do sossego,2022-05-24,69
Perturbação do sossego,2022-05-25,97
Perturbação do sossego,2022-05-26,84
Perturbação do sossego,2022-05-27,112
Perturbação do sossego,2022-05-28,159
Perturbação do sossego,2022-05-29,175
Perturbação do sossego,2022-05-30,71
Perturbação do sossego,2022-05-31,63
Perturbação do sossego,2022-06-01,95
Perturbação do sossego,2022-06-02,78
Perturbação do sossego,2022-06-03,103
Perturbação do sossego,2022-06-04,155
Perturbação do sossego,2022-06-05,194
Perturbação do sossego,2022-06-06,99
Perturbação do sossego,2022-06-07,89
Perturbação do sossego,2022-06-08,89
Perturbação do sossego,2022-06-09,104
Perturbação do sossego,2022-06-10,110
Perturbação do sossego,2022-06-11,292
Perturbação do sossego,2022-06-12,233
Perturbação do sossego,2022-06-13,71
Perturbação do sossego,2022-06-14,70
Perturbação do sossego,2022-06-15,108
Perturbação do sossego,2022-06-16,165
Perturbação do sossego,2022-06-17,127
Perturbação do sossego,2022-06-18,153
Perturbação do sossego,2022-06-19,158
Perturbação do sossego,2022-06-20,89
Perturbação do sossego,2022-06-21,93
Perturbação do sossego,2022-06-22,85
Perturbação do sossego,2022-06-23,109
Perturbação do sossego,2022-06-24,126
Perturbação do sossego,2022-06-25,176
Perturbação do sossego,2022-06-26,180
Perturbação do sossego,2022-06-27,89
Perturbação do sossego,2022-06-28,93
Perturbação do sossego,2022-06-29,66
Perturbação do sossego,2022-06-30,98
Perturbação do sossego,2022-07-01,158
Perturbação do sossego,2022-07-02,196
Perturbação do sossego,2022-07-03,225
Perturbação do sossego,2022-07-04,108
Perturbação do sossego,2022-07-05,97
Perturbação do sossego,2022-07-06,97
Perturbação do sossego,2022-07-07,125
Perturbação do sossego,2022-07-08,136
Perturbação do sossego,2022-07-09,207
Perturbação do sossego,2022-07-10,228
Perturbação do sossego,2022-07-11,105
Perturbação do sossego,2022-07-12,76
Perturbação do sossego,2022-07-13,122
Perturbação do sossego,2022-07-14,87
Perturbação do sossego,2022-07-15,143
Perturbação do sossego,2022-07-16,200
Perturbação do sossego,2022-07-17,191
Perturbação do sossego,2022-07-18,93
Perturbação do sossego,2022-07-19,77
Perturbação do sossego,2022-07-20,107
Perturbação do sossego,2022-07-21,97
Perturbação do sossego,2022-07-22,136
Perturbação do sossego,2022-07-23,174
Perturbação do sossego,2022-07-24,201
Perturbação do sossego,2022-07-25,69
Perturbação do sossego,2022-07-26,77
Perturbação do sossego,2022-07-27,108
Perturbação do sossego,2022-07-28,99
Perturbação do sossego,2022-07-29,88
Perturbação do sossego,2022-07-30,150
Perturbação do sossego,2022-07-31,232
Perturbação do sossego,2022-08-01,103
Perturbação do sossego,2022-08-02,83
Perturbação do sossego,2022-08-03,90
Perturbação do sossego,2022-08-04,100
Perturbação do sossego,2022-08-05,112
Perturbação do sossego,2022-08-06,177
Perturbação do sossego,2022-08-07,234
Perturbação do sossego,2022-08-08,99
Perturbação do sossego,2022-08-09,66
Perturbação do sossego,2022-08-10,86
Perturbação do sossego,2022-08-11,90
Perturbação do sossego,2022-08-12,109
Perturbação do sossego,2022-08-13,251
Perturbação do sossego,2022-08-14,162
Perturbação do sossego,2022-08-15,76
Perturbação do sossego,2022-08-16,63
Perturbação do sossego,2022-08-17,94
Perturbação do sossego,2022-08-18,115
Perturbação do sossego,2022-08-19,85
Perturbação do sossego,2022-08-20,173
Perturbação do sossego,2022-08-21,190
Perturbação do sossego,2022-08-22,82
Perturbação do sossego,2022-08-23,75
Perturbação do sossego,2022-08-24,110
Perturbação do sossego,2022-08-25,130
Perturbação do sossego,2022-08-26,130
Perturbação do sossego,2022-08-27,147
Perturbação do sossego,2022-08-28,158
Perturbação do sossego,2022-08-29,74
Perturbação do sossego,2022-08-30,71
Perturbação do sossego,2022-08-31,118
Perturbação do sossego,2022-09-01,96
Perturbação do sossego,2022-09-02,114
Perturbação do sossego,2022-09-03,133
Perturbação do sossego,2022-09-04,168
Perturbação do sossego,2022-09-05,91
Perturbação do sossego,2022-09-06,97
Perturbação do sossego,2022-09-07,122
Perturbação do sossego,2022-09-08,94
Perturbação do sossego,2022-09-09,149
Perturbação do sossego,2022-09-10,143
Perturbação do sossego,2022-09-11,183
Perturbação do sossego,2022-09-12,72
Perturbação do sossego,2022-09-13,61
Perturbação do sossego,2022-09-14,96
Perturbação do sossego,2022-09-15,103
Perturbação do sossego,2022-09-16,108
Perturbação do sossego,2022-09-17,199
Perturbação do sossego,2022-09-18,170
Perturbação do sossego,2022-09-19,74
Perturbação do sossego,2022-09-20,91
Perturbação do sossego,2022-09-21,102
Perturbação do sossego,2022-09-22,99
Perturbação do sossego,2022-09-23,72
Perturbação do sossego,2022-09-24,86
Perturbação do sossego,2022-09-25,95
Perturbação do sossego,2022-09-26,69
Perturbação do sossego,2022-09-27,56
Perturbação do sossego,2022-09-28,49
Perturbação do sossego,2022-09-29,53
Perturbação do sossego,2022-09-30,99
Perturbação do sossego,2022-10-01,153
Perturbação do sossego,2022-10-02,136
Perturbação do sossego,2022-10-03,77
Perturbação do sossego,2022-10-04,94
Perturbação do sossego,2022-10-05,60
Perturbação do sossego,2022-10-06,83
Perturbação do sossego,2022-10-07,89
Perturbação do sossego,2022-10-08,160
Perturbação do sossego,2022-10-09,159
Perturbação do sossego,2022-10-10,72
Perturbação do sossego,2022-10-11,111
Perturbação do sossego,2022-10-12,125
Perturbação do sossego,2022-10-13,95
Perturbação do sossego,2022-10-14,140
Perturbação do sossego,2022-10-15,161
Perturbação do sossego,2022-10-16,149
Perturbação do sossego,2022-10-17,60
Perturbação do sossego,2022-10-18,65
Perturbação do sossego,2022-10-19,94
Perturbação do sossego,2022-10-20,102
Perturbação do sossego,2022-10-21,90
Perturbação do sossego,2022-10-22,133
Perturbação do sossego,2022-10-23,155
Perturbação do sossego,2022-10-24,51
Perturbação do sossego,2022-10-25,61
Perturbação do sossego,2022-10-26,63
Perturbação do sossego,2022-10-27,77
Perturbação do sossego,2022-10-28,96
Perturbação do sossego,2022-10-29,132
Perturbação do sossego,2022-10-30,78
Perturbação do sossego,2022-10-31,41
Perturbação do sossego,2022-11-01,75
Perturbação do sossego,2022-11-02,66
Perturbação do sossego,2022-11-03,57
Perturbação do sossego,2022-11-04,117
Perturbação do sossego,2022-11-05,141
Perturbação do sossego,2022-11-06,168
Perturbação do sossego,2022-11-07,66
Perturbação do sossego,2022-11-08,65
Perturbação do sossego,2022-11-09,57
Perturbação do sossego,2022-11-10,80
Perturbação do sossego,2022-11-11,72
Perturbação do sossego,2022-11-12,139
Perturbação do sossego,2022-11-13,155
Perturbação do sossego,2022-11-14,81
Perturbação do sossego,2022-11-15,117
Perturbação do sossego,2022-11-16,84
Perturbação do sossego,2022-11-17,87
Perturbação do sossego,2022-11-18,114
Perturbação do sossego,2022-11-19,135
Perturbação do sossego,2022-11-20,144
Perturbação do sossego,2022-11-21,65
Perturbação do sossego,2022-11-22,77
Perturbação do sossego,2022-11-23,45
Perturbação do sossego,2022-11-24,118
Perturbação do sossego,2022-11-25,85
Perturbação do sossego,2022-11-26,115
Perturbação do sossego,2022-11-27,129
Perturbação do sossego,2022-11-28,111
Perturbação do sossego,2022-11-29,47
Perturbação do sossego,2022-11-30,54
Perturbação do sossego,2022-12-01,62
Perturbação do sossego,2022-12-02,128
Perturbação do sossego,2022-12-03,106
Perturbação do sossego,2022-12-04,120
Perturbação do sossego,2022-12-05,73
Perturbação do sossego,2022-12-06,37
Perturbação do sossego,2022-12-07,45
Perturbação do sossego,2022-12-08,70
Perturbação do sossego,2022-12-09,89
Perturbação do sossego,2022-12-10,128
Perturbação do sossego,2022-12-11,145
Perturbação do sossego,2022-12-12,60
Perturbação do sossego,2022-12-13,62
Perturbação do sossego,2022-12-14,77
Perturbação do sossego,2022-12-15,76
Perturbação do sossego,2022-12-16,118
Perturbação do sossego,2022-12-17,136
Perturbação do sossego,2022-12-18,141
Perturbação do sossego,2022-12-19,84
Perturbação do sossego,2022-12-20,68
Perturbação do sossego,2022-12-21,80
Perturbação do sossego,2022-12-22,94
Perturbação do sossego,2022-12-23,109
Perturbação do sossego,2022-12-24,83
Perturbação do sossego,2022-12-25,96
Perturbação do sossego,2022-12-26,51
Perturbação do sossego,2022-12-27,71
Perturbação do sossego,2022-12-28,72
Perturbação do sossego,2022-12-29,64
Perturbação do sossego,2022-12-30,54
Perturbação do sossego,2022-12-31,40
Perturbação do sossego,2023-01-01,65
Perturbação do sossego,2023-01-02,45
Perturbação do sossego,2023-01-03,58
Perturbação do sossego,2023-01-04,59
Perturbação do sossego,2023-01-05,49
Perturbação do sossego,2023-01-06,74
Perturbação do sossego,2023-01-07,126
Perturbação do sossego,2023-01-08,118
Perturbação do sossego,2023-01-09,54
Perturbação do sossego,2023-01-10,71
Perturbação do sossego,2023-01-11,58
Perturbação do sossego,2023-01-12,66
Perturbação do sossego,2023-01-13,79
Perturbação do sossego,2023-01-14,130
Perturbação do sossego,2023-01-15,119
Perturbação do sossego,2023-01-16,61
Perturbação do sossego,2023-01-17,64
Perturbação do sossego,2023-01-18,49
Perturbação do sossego,2023-01-19,82
Perturbação do sossego,2023-01-20,112
Perturbação do sossego,2023-01-21,126
Perturbação do sossego,2023-01-22,141
Perturbação do sossego,2023-01-23,70
Perturbação do sossego,2023-01-24,75
Perturbação do sossego,2023-01-25,63
Perturbação do sossego,2023-01-26,104
Perturbação do sossego,2023-01-27,106
Perturbação do sossego,2023-01-28,136
Perturbação do sossego,2023-01-29,109
Perturbação do sossego,2023-01-30,54
Perturbação do sossego,2023-01-31,47
Perturbação do sossego,2023-02-01,85
Perturbação do sossego,2023-02-02,85
Perturbação do sossego,2023-02-03,85
Perturbação do sossego,2023-02-04,113
Perturbação do sossego,2023-02-05,143
Perturbação do sossego,2023-02-06,41
Perturbação do sossego,2023-02-07,75
Perturbação do sossego,2023-02-08,33
Perturbação do sossego,2023-02-09,70
Perturbação do sossego,2023-02-10,83
Perturbação do sossego,2023-02-11,123
Perturbação do sossego,2023-02-12,126
Perturbação do sossego,2023-02-13,69
Perturbação do sossego,2023-02-14,45
Perturbação do sossego,2023-02-15,54
Perturbação do sossego,2023-02-16,69
Perturbação do sossego,2023-02-17,65
Perturbação do sossego,2023-02-18,81
Perturbação do sossego,2023-02-19,98
Perturbação do sossego,2023-02-20,42
Perturbação do sossego,2023-02-21,46
Perturbação do sossego,2023-02-22,62
Perturbação do sossego,2023-02-23,67
Perturbação do sossego,2023-02-24,74
Perturbação do sossego,2023-02-25,117
Perturbação do sossego,2023-02-26,123
Perturbação do sossego,2023-02-27,39
Perturbação do sossego,2023-02-28,45
Perturbação do sossego,2023-03-01,65
Perturbação do sossego,2023-03-02,79
Perturbação do sossego,2023-03-03,95
Perturbação do sossego,2023-03-04,164
Perturbação do sossego,2023-03-05,142
Perturbação do sossego,2023-03-06,59
Perturbação do sossego,2023-03-07,48
Perturbação do sossego,2023-03-08,70
Perturbação do sossego,2023-03-09,73
Perturbação do sossego,2023-03-10,83
Perturbação do sossego,2023-03-11,120
Perturbação do sossego,2023-03-12,144
Perturbação do sossego,2023-03-13,57
Perturbação do sossego,2023-03-14,56
Perturbação do sossego,2023-03-15,57
Perturbação do sossego,2023-03-16,90
Perturbação do sossego,2023-03-17,94
Perturbação do sossego,2023-03-18,166
Perturbação do sossego,2023-03-19,145
Perturbação do sossego,2023-03-20,81
Perturbação do sossego,2023-03-21,69
Perturbação do sossego,2023-03-22,58
Perturbação do sossego,2023-03-23,82
Perturbação do sossego,2023-03-24,149
Perturbação do sossego,2023-03-25,148
Perturbação do sossego,2023-03-26,139
Perturbação do sossego,2023-03-27,61
Perturbação do sossego,2023-03-28,48
Perturbação do sossego,2023-03-29,48
Perturbação do sossego,2023-03-30,56
Perturbação do sossego,2023-03-31,95
Perturbação do sossego,2023-04-01,116
Perturbação do sossego,2023-04-02,147
Perturbação do sossego,2023-04-03,76
Perturbação do sossego,2023-04-04,54
Perturbação do sossego,2023-04-05,80
Perturbação do sossego,2023-04-06,81
Perturbação do sossego,2023-04-07,97
Perturbação do sossego,2023-04-08,115
Perturbação do sossego,2023-04-09,95
Perturbação do sossego,2023-04-10,65
Perturbação do sossego,2023-04-11,59
Perturbação do sossego,2023-04-12,59
Perturbação do sossego,2023-04-13,89
Perturbação do sossego,2023-04-14,87
Perturbação do sossego,2023-04-15,124
Perturbação do sossego,2023-04-16,139
Perturbação do sossego,2023-04-17,70
Perturbação do sossego,2023-04-18,51
Perturbação do sossego,2023-04-19,41
Perturbação do sossego,2023-04-20,56
Perturbação do sossego,2023-04-21,92
Perturbação do sossego,2023-04-22,104
Perturbação do sossego,2023-04-23,144
Perturbação do sossego,2023-04-24,48
Perturbação do sossego,2023-04-25,48
Perturbação do sossego,2023-04-26,48
Perturbação do sossego,2023-04-27,64
Perturbação do sossego,2023-04-28,93
Perturbação do sossego,2023-04-29,145
Perturbação do sossego,2023-04-30,125
Perturbação do sossego,2023-05-01,115
Perturbação do sossego,2023-05-02,74
Perturbação do sossego,2023-05-03,57
Perturbação do sossego,2023-05-04,67
Perturbação do sossego,2023-05-05,80
Perturbação do sossego,2023-05-06,164
Perturbação do sossego,2023-05-07,130
Perturbação do sossego,2023-05-08,64
Perturbação do sossego,2023-05-09,69
Perturbação do sossego,2023-05-10,66
Perturbação do sossego,2023-05-11,89
Perturbação do sossego,2023-05-12,115
Perturbação do sossego,2023-05-13,143
Perturbação do sossego,2023-05-14,123
Perturbação do sossego,2023-05-15,70
Perturbação do sossego,2023-05-16,66
Perturbação do sossego,2023-05-17,80
Perturbação do sossego,2023-05-18,70
Perturbação do sossego,2023-05-19,130
Perturbação do sossego,2023-05-20,159
Perturbação do sossego,2023-05-21,169
Perturbação do sossego,2023-05-22,62
Perturbação do sossego,2023-05-23,62
Perturbação do sossego,2023-05-24,76
Perturbação do sossego,2023-05-25,96
Perturbação do sossego,2023-05-26,114
Perturbação do sossego,2023-05-27,179
Perturbação do sossego,2023-05-28,180
Perturbação do sossego,2023-05-29,64
Perturbação do sossego,2023-05-30,50
Perturbação do sossego,2023-05-31,56
Perturbação do sossego,2023-06-01,71
Perturbação do sossego,2023-06-02,132
Perturbação do sossego,2023-06-03,180
Perturbação do sossego,2023-06-04,165
Perturbação do sossego,2023-06-05,69
Perturbação do sossego,2023-06-06,62
Perturbação do sossego,2023-06-07,66
Perturbação do sossego,2023-06-08,144
Perturbação do sossego,2023-06-09,102
Perturbação do sossego,2023-06-10,165
Perturbação do sossego,2023-06-11,169
Perturbação do sossego,2023-06-12,68
Perturbação do sossego,2023-06-13,79
Perturbação do sossego,2023-06-14,61
Perturbação do sossego,2023-06-15,86
Perturbação do sossego,2023-06-16,128
Perturbação do sossego,2023-06-17,177
Perturbação do sossego,2023-06-18,171
Perturbação do sossego,2023-06-19,84
Perturbação do sossego,2023-06-20,74
Perturbação do sossego,2023-06-21,82
Perturbação do sossego,2023-06-22,100
Perturbação do sossego,2023-06-23,109
Perturbação do sossego,2023-06-24,166
Perturbação do sossego,2023-06-25,159
Perturbação do sossego,2023-06-26,67
Perturbação do sossego,2023-06-27,64
Perturbação do sossego,2023-06-28,86
Perturbação do sossego,2023-06-29,53
Perturbação do sossego,2023-06-30,108
Perturbação do sossego,2023-07-01,186
Perturbação do sossego,2023-07-02,148
Perturbação do sossego,2023-07-03,76
Perturbação do sossego,2023-07-04,69
Perturbação do sossego,2023-07-05,74
Perturbação do sossego,2023-07-06,85
Perturbação do sossego,2023-07-07,128
Perturbação do sossego,2023-07-08,136
Perturbação do sossego,2023-07-09,163
Perturbação do sossego,2023-07-10,68
Perturbação do sossego,2023-07-11,58
Perturbação do sossego,2023-07-12,72
Perturbação do sossego,2023-07-13,69
Perturbação do sossego,2023-07-14,105
Perturbação do sossego,2023-07-15,161
Perturbação do sossego,2023-07-16,175
Perturbação do sossego,2023-07-17,68
Perturbação do sossego,2023-07-18,79
Perturbação do sossego,2023-07-19,59
Perturbação do sossego,2023-07-20,64
Perturbação do sossego,2023-07-21,101
Perturbação do sossego,2023-07-22,118
Perturbação do sossego,2023-07-23,202
Perturbação do sossego,2023-07-24,74
Perturbação do sossego,2023-07-25,70
Perturbação do sossego,2023-07-26,67
Perturbação do sossego,2023-07-27,62
Perturbação do sossego,2023-07-28,116
Perturbação do sossego,2023-07-29,104
Perturbação do sossego,2023-07-30,161
Perturbação do sossego,2023-07-31,64
Perturbação do sossego,2023-08-01,59
Perturbação do sossego,2023-08-02,57
Perturbação do sossego,2023-08-03,62
Perturbação do sossego,2023-08-04,71
Perturbação do sossego,2023-08-05,118
Perturbação do sossego,2023-08-06,128
Perturbação do sossego,2023-08-07,59
Perturbação do sossego,2023-08-08,40
Perturbação do sossego,2023-08-09,58
Perturbação do sossego,2023-08-10,77
Perturbação do sossego,2023-08-11,86
Perturbação do sossego,2023-08-12,91
Perturbação do sossego,2023-08-13,105
Perturbação do sossego,2023-08-14,51
Perturbação do sossego,2023-08-15,59
Perturbação do sossego,2023-08-16,48
Perturbação do sossego,2023-08-17,71
Perturbação do sossego,2023-08-18,81
Perturbação do sossego,2023-08-19,101
Perturbação do sossego,2023-08-20,70
Perturbação do sossego,2023-08-21,52
Perturbação do sossego,2023-08-22,47
Perturbação do sossego,2023-08-23,50
Perturbação do sossego,2023-08-24,38
Perturbação do sossego,2023-08-25,73
Perturbação do sossego,2023-08-26,73
Perturbação do sossego,2023-08-27,58
Perturbação do sossego,2023-08-28,42
Perturbação do sossego,2023-08-29,44
Perturbação do sossego,2023-08-30,54
Perturbação do sossego,2023-08-31,56
Perturbação do sossego,2023-09-01,86
Perturbação do sossego,2023-09-02,99
Perturbação do sossego,2023-09-03,114
Perturbação do sossego,2023-09-04,33
Perturbação do sossego,2023-09-05,44
Perturbação do sossego,2023-09-06,76
Perturbação do sossego,2023-09-07,105
Perturbação do sossego,2023-09-08,78
Perturbação do sossego,2023-09-09,104
Perturbação do sossego,2023-09-10,78
Perturbação do sossego,2023-09-11,74
Perturbação do sossego,2023-09-12,58
Perturbação do sossego,2023-09-13,48
Perturbação do sossego,2023-09-14,41
Perturbação do sossego,2023-09-15,65
Perturbação do sossego,2023-09-16,89
Perturbação do sossego,2023-09-17,108
Perturbação do sossego,2023-09-18,38
Perturbação do sossego,2023-09-19,36
Perturbação do sossego,2023-09-20,59
Perturbação do sossego,2023-09-21,55
Perturbação do sossego,2023-09-22,63
Perturbação do sossego,2023-09-23,91
Perturbação do sossego,2023-09-24,76
Perturbação do sossego,2023-09-25,39
Perturbação do sossego,2023-09-26,37
Perturbação do sossego,2023-09-27,30
Perturbação do sossego,2023-09-28,32
Perturbação do sossego,2023-09-29,82
Perturbação do sossego,2023-09-30,83
Perturbação do sossego,2023-10-01,75
Perturbação do sossego,2023-10-02,35
Perturbação do sossego,2023-10-03,40
Perturbação do sossego,2023-10-04,60
Perturbação do sossego,2023-10-05,37
Perturbação do sossego,2023-10-06,86
Perturbação do sossego,2023-10-07,88
Perturbação do sossego,2023-10-08,68
Perturbação do sossego,2023-10-09,46
Perturbação do sossego,2023-10-10,38
Perturbação do sossego,2023-10-11,52
Perturbação do sossego,2023-10-12,96
Perturbação do sossego,2023-10-13,54
Perturbação do sossego,2023-10-14,87
Perturbação do sossego,2023-10-15,74
Perturbação do sossego,2023-10-16,74
Perturbação do sossego,2023-10-17,35
Perturbação do sossego,2023-10-18,44
Perturbação do sossego,2023-10-19,47
Perturbação do sossego,2023-10-20,76
Perturbação do sossego,2023-10-21,95
Perturbação do sossego,2023-10-22,104
Perturbação do sossego,2023-10-23,45
Perturbação do sossego,2023-10-24,44
Perturbação do sossego,2023-10-25,51
Perturbação do sossego,2023-10-26,40
Perturbação do sossego,2023-10-27,60
Perturbação do sossego,2023-10-28,105
Perturbação do sossego,2023-10-29,75
Perturbação do sossego,2023-10-30,55
Perturbação do sossego,2023-10-31,61
Perturbação do sossego,2023-11-01,69
Perturbação do sossego,2023-11-02,77
Perturbação do sossego,2023-11-03,49
Perturbação do sossego,2023-11-04,58
Perturbação do sossego,2023-11-05,96
Perturbação do sossego,2023-11-06,42
Perturbação do sossego,2023-11-07,46
Perturbação do sossego,2023-11-08,61
Perturbação do sossego,2023-11-09,32
Perturbação do sossego,2023-11-10,66
Perturbação do sossego,2023-11-11,77
Perturbação do sossego,2023-11-12,88
Perturbação do sossego,2023-11-13,34
Perturbação do sossego,2023-11-14,51
Perturbação do sossego,2023-11-15,69
Perturbação do sossego,2023-11-16,40
Perturbação do sossego,2023-11-17,41
Perturbação do sossego,2023-11-18,51
Perturbação do sossego,2023-11-19,68
Perturbação do sossego,2023-11-20,49
Perturbação do sossego,2023-11-21,36
Perturbação do sossego,2023-11-22,30
Perturbação do sossego,2023-11-23,26
Perturbação do sossego,2023-11-24,67
Perturbação do sossego,2023-11-25,85
Perturbação do sossego,2023-11-26,90
Perturbação do sossego,2023-11-27,47
Perturbação do sossego,2023-11-28,57
Perturbação do sossego,2023-11-29,34
Perturbação do sossego,2023-11-30,48
Perturbação do sossego,2023-12-01,41
Perturbação do sossego,2023-12-02,87
Perturbação do sossego,2023-12-03,75
Perturbação do sossego,2023-12-04,52
Perturbação do sossego,2023-12-05,45
Perturbação do sossego,2023-12-06,31
Perturbação do sossego,2023-12-07,54
Perturbação do sossego,2023-12-08,69
Perturbação do sossego,2023-12-09,72
Perturbação do sossego,2023-12-10,86
Perturbação do sossego,2023-12-11,46
Perturbação do sossego,2023-12-12,51
Perturbação do sossego,2023-12-13,53
Perturbação do sossego,2023-12-14,37
Perturbação do sossego,2023-12-15,73
Perturbação do sossego,2023-12-16,71
Perturbação do sossego,2023-12-17,73
Perturbação do sossego,2023-12-18,43
Perturbação do sossego,2023-12-19,56
Perturbação do sossego,2023-12-20,42
Perturbação do sossego,2023-12-21,35
Perturbação do sossego,2023-12-22,60
Perturbação do sossego,2023-12-23,41
Perturbação do sossego,2023-12-24,26
Perturbação do sossego,2023-12-25,46
Perturbação do sossego,2023-12-26,31
Perturbação do sossego,2023-12-27,28
Perturbação do sossego,2023-12-28,63
Perturbação do sossego,2023-12-29,32
Perturbação do sossego,2023-12-30,41
Perturbação do sossego,2023-12-31,27
Perturbação do sossego,2024-01-01,36
Perturbação do sossego,2024-01-02,35
Perturbação do sossego,2024-01-03,29
Perturbação do sossego,2024-01-04,29
Perturbação do sossego,2024-01-05,37
Perturbação do sossego,2024-01-06,84
Perturbação do sossego,2024-01-07,64
Perturbação do sossego,2024-01-08,39
Perturbação do sossego,2024-01-09,31
Perturbação do sossego,2024-01-10,29
Perturbação do sossego,2024-01-11,20
Perturbação do sossego,2024-01-12,45
Perturbação do sossego,2024-01-13,56
Perturbação do sossego,2024-01-14,62
Perturbação do sossego,2024-01-15,41
Perturbação do sossego,2024-01-16,28
Perturbação do sossego,2024-01-17,32
Perturbação do sossego,2024-01-18,41
Perturbação do sossego,2024-01-19,45
Perturbação do sossego,2024-01-20,76
Perturbação do sossego,2024-01-21,43
Perturbação do sossego,2024-01-22,14
Perturbação do sossego,2024-01-23,26
Perturbação do sossego,2024-01-24,26
Perturbação do sossego,2024-01-25,38
Perturbação do sossego,2024-01-26,70
Perturbação do sossego,2024-01-27,61
Perturbação do sossego,2024-01-28,60
Perturbação do sossego,2024-01-29,38
Perturbação do sossego,2024-01-30,39
Perturbação do sossego,2024-01-31,33
Perturbação do sossego,2024-02-01,14
Perturbação do sossego,2024-02-02,49
Perturbação do sossego,2024-02-03,43
Perturbação do sossego,2024-02-04,61
Perturbação do sossego,2024-02-05,21
Perturbação do sossego,2024-02-06,36
Perturbação do sossego,2024-02-07,25
Perturbação do sossego,2024-02-08,29
Perturbação do sossego,2024-02-09,33
Perturbação do sossego,2024-02-10,43
Perturbação do sossego,2024-02-11,41
Perturbação do sossego,2024-02-12,31
Perturbação do sossego,2024-02-13,19
Perturbação do sossego,2024-02-14,22
Perturbação do sossego,2024-02-15,17
Perturbação do sossego,2024-02-16,30
Perturbação do sossego,2024-02-17,38
Perturbação do sossego,2024-02-18,40
Perturbação do sossego,2024-02-19,18
Perturbação do sossego,2024-02-20,11
Perturbação do sossego,2024-02-21,20
Perturbação do sossego,2024-02-22,19
Perturbação do sossego,2024-02-23,20
Perturbação do sossego,2024-02-24,18
Perturbação do sossego,2024-02-25,16
Perturbação do sossego,2024-02-26,2
Perturbação do sossego,2024-02-27,1
Perturbação do sossego,2024-02-28,1
Perturbação do sossego,2024-02-29,1
Perturbação do sossego,2024-03-01,3
Perturbação do sossego,2024-03-02,3
Perturbação do sossego,2024-03-03,2
Perturbação do sossego,2024-03-04,5
Perturbação do sossego,2024-03-05,7
Perturbação do sossego,2024-03-06,5
Perturbação do sossego,2024-03-07,5
Perturbação do sossego,2024-03-08,7
Perturbação do sossego,2024-03-09,2
Perturbação do sossego,2024-03-10,3
Perturbação do sossego,2024-03-11,6
Perturbação do sossego,2024-03-12,3
Perturbação do sossego,2024-03-13,7
Perturbação do sossego,2024-03-14,4
Perturbação do sossego,2024-03-15,6
Perturbação do sossego,2024-03-16,6
Perturbação do sossego,2024-03-17,5
Perturbação do sossego,2024-03-18,1
Perturbação do sossego,2024-03-19,4
Perturbação do sossego,2024-03-20,7
Perturbação do sossego,2024-03-21,5
Perturbação do sossego,2024-03-22,5
Perturbação do sossego,2024-03-23,3
Perturbação do sossego,2024-03-24,4
Perturbação do sossego,2024-03-25,7
Perturbação do sossego,2024-03-26,5
Perturbação do sossego,2024-03-27,5
Perturbação do sossego,2024-03-28,3
Perturbação do sossego,2024-03-29,3
Perturbação do sossego,2024-03-30,4
Perturbação do sossego,2024-03-31,1
Perturbação do sossego,2024-04-01,4
Perturbação do sossego,2024-04-02,1
Perturbação do sossego,2024-04-03,3
Perturbação do sossego,2024-04-04,4
Perturbação do sossego,2024-04-05,4
Perturbação do sossego,2024-04-06,1
Perturbação do sossego,2024-04-07,3
Perturbação do sossego,2024-04-08,4
Perturbação do sossego,2024-04-09,2
Perturbação do sossego,2024-04-10,1
Perturbação do sossego,2024-04-11,4
Perturbação do sossego,2024-04-12,4
Perturbação do sossego,2024-04-13,5
Perturbação do sossego,2024-04-14,6
Perturbação do sossego,2024-04-15,5
Perturbação do sossego,2024-04-16,3
Perturbação do sossego,2024-04-17,6
Perturbação do sossego,2024-04-18,6
Perturbação do sossego,2024-04-19,4
Perturbação do sossego,2024-04-21,6
Perturbação do sossego,2024-04-22,8
Perturbação do sossego,2024-04-23,5
Perturbação do sossego,2024-04-24,7
Perturbação do sossego,2024-04-25,5
Perturbação do sossego,2024-04-26,6
Perturbação do sossego,2024-04-27,3
Perturbação do sossego,2024-04-28,2
Perturbação do sossego,2024-04-29,4
Perturbação do sossego,2024-04-30,3
Perturbação do sossego,2024-05-01,7
Perturbação do sossego,2024-05-02,7
Perturbação do sossego,2024-05-03,3
Perturbação do sossego,2024-05-04,3
Perturbação do sossego,2024-05-05,3
Perturbação do sossego,2024-05-06,3
Perturbação do sossego,2024-05-08,2
Perturbação do sossego,2024-05-09,4
Perturbação do sossego,2024-05-10,7
Perturbação do sossego,2024-05-11,5
Perturbação do sossego,2024-05-12,3
Perturbação do sossego,2024-05-13,7
Perturbação do sossego,2024-05-14,4
Perturbação do sossego,2024-05-15,3
Perturbação do sossego,2024-05-16,4
Perturbação do sossego,2024-05-17,6
Perturbação do sossego,2024-05-18,4
Perturbação do sossego,2024-05-19,3
Perturbação do sossego,2024-05-20,5
Perturbação do sossego,2024-05-21,3
Perturbação do sossego,2024-05-22,2
Perturbação do sossego,2024-05-23,2
Perturbação do sossego,2024-05-24,4
Perturbação do sossego,2024-05-25,1
Perturbação do sossego,2024-05-26,1
Perturbação do sossego,2024-05-27,4
Perturbação do sossego,2024-05-28,6
Perturbação do sossego,2024-05-29,1
Perturbação do sossego,2024-05-30,4
Perturbação do sossego,2024-05-31,6
Perturbação do sossego,2024-06-01,1
Perturbação do sossego,2024-06-02,4
Perturbação do sossego,2024-06-03,2
Perturbação do sossego,2024-06-04,2
Perturbação do sossego,2024-06-05,3
Perturbação do sossego,2024-06-06,4
Perturbação do sossego,2024-06-07,4
Perturbação do sossego,2024-06-08,1
Perturbação do sossego,2024-06-09,12
Perturbação do sossego,2024-06-10,6
Perturbação do sossego,2024-06-11,4
Perturbação do sossego,2024-06-12,5
Perturbação do sossego,2024-06-13,5
Perturbação do sossego,2024-06-14,3
Perturbação do sossego,2024-06-15,5
Perturbação do sossego,2024-06-16,2
Perturbação do sossego,2024-06-17,3
Perturbação do sossego,2024-06-18,8
Perturbação do sossego,2024-06-19,5
Perturbação do sossego,2024-06-20,6
Perturbação do sossego,2024-06-21,3
Perturbação do sossego,2024-06-22,4
Perturbação do sossego,2024-06-23,9
Perturbação do sossego,2024-06-24,2
Perturbação do sossego,2024-06-25,3
Perturbação do sossego,2024-06-26,4
Perturbação do sossego,2024-06-27,2
Perturbação do sossego,2024-06-28,4
Perturbação do sossego,2024-06-29,1
Perturbação do sossego,2024-06-30,6
Perturbação do sossego,2024-07-01,4
Perturbação do sossego,2024-07-02,2
Perturbação do sossego,2024-07-03,6
Perturbação do sossego,2024-07-04,5
Perturbação do sossego,2024-07-05,2
Perturbação do sossego,2024-07-06,4
Perturbação do sossego,2024-07-07,10
Perturbação do sossego,2024-07-08,2
Perturbação do sossego,2024-07-09,5
Perturbação do sossego,2024-07-10,4
Perturbação do sossego,2024-07-11,4
Perturbação do sossego,2024-07-12,8
Perturbação do sossego,2024-07-13,8
Perturbação do sossego,2024-07-14,6
Perturbação do sossego,2024-07-16,3
Perturbação do sossego,2024-07-17,4
Perturbação do sossego,2024-07-18,3
Perturbação do sossego,2024-07-19,4
Perturbação do sossego,2024-07-20,5
Perturbação do sossego,2024-07-21,4
Perturbação do sossego,2024-07-22,7
Perturbação do sossego,2024-07-23,2
Perturbação do sossego,2024-07-24,13
Perturbação do sossego,2024-07-25,6
Perturbação do sossego,2024-07-26,5
Perturbação do sossego,2024-07-27,3
Perturbação do sossego,2024-07-28,11
Perturbação do sossego,2024-07-29,3
Perturbação do sossego,2024-07-30,2
Perturbação do sossego,2024-07-31,5
Perturbação do sossego,2024-08-01,3
Perturbação do sossego,2024-08-02,5
Perturbação do sossego,2024-08-03,3
Perturbação do sossego,2024-08-04,5
Perturbação do sossego,2024-08-05,3
Perturbação do sossego,2024-08-06,5
Perturbação do sossego,2024-08-07,4
Perturbação do sossego,2024-08-08,2
Perturbação do sossego,2024-08-09,3
Perturbação do sossego,2024-08-10,3
Perturbação do sossego,2024-08-11,1
Perturbação do sossego,2024-08-13,1
Perturbação do sossego,2024-08-14,5
Perturbação do sossego,2024-08-15,7
Perturbação do sossego,2024-08-16,5
Perturbação do sossego,2024-08-17,4
Perturbação do sossego,2024-08-18,11
Perturbação do sossego,2024-08-19,7
Perturbação do sossego,2024-08-20,3
Perturbação do sossego,2024-08-21,8
Perturbação do sossego,2024-08-22,2
Perturbação do sossego,2024-08-23,4
Perturbação do sossego,2024-08-24,5
Perturbação do sossego,2024-08-25,7
Perturbação do sossego,2024-08-26,2
Perturbação do sossego,2024-08-27,4
Perturbação do sossego,2024-08-28,2
Perturbação do sossego,2024-08-29,4
Perturbação do sossego,2024-08-30,3
Perturbação do sossego,2024-08-31,2
Perturbação do sossego,2024-09-01,3
Perturbação do sossego,2024-09-02,4
Perturbação do sossego,2024-09-03,3
Perturbação do sossego,2024-09-04,4
Perturbação do sossego,2024-09-05,6
Perturbação do sossego,2024-09-06,2
Perturbação do sossego,2024-09-07,5
Perturbação do sossego,2024-09-08,6
Perturbação do sossego,2024-09-09,2
Perturbação do sossego,2024-09-10,6
Perturbação do sossego,2024-09-11,3
Perturbação do sossego,2024-09-12,2
Perturbação do sossego,2024-09-13,4
Perturbação do sossego,2024-09-14,4
Perturbação do sossego,2024-09-15,4
Perturbação do sossego,2024-09-16,4
Perturbação do sossego,2024-09-17,1
Perturbação do sossego,2024-09-18,5
Perturbação do sossego,2024-09-19,2
Perturbação do sossego,2024-09-20,3
Perturbação do sossego,2024-09-21,2
Perturbação do sossego,2024-09-22,6
Perturbação do sossego,2024-09-23,4
Perturbação do sossego,2024-09-24,6
Perturbação do sossego,2024-09-25,39
Perturbação do sossego,2024-09-26,41
Perturbação do sossego,2024-09-27,35
Perturbação do sossego,2024-09-28,82
Perturbação do sossego,2024-09-29,82
Perturbação do sossego,2024-09-30,35
Perturbação do sossego,2024-10-01,44
Perturbação do sossego,2024-10-02,38
Perturbação do sossego,2024-10-03,64
Perturbação do sossego,2024-10-04,49
Perturbação do sossego,2024-10-05,93
Perturbação do sossego,2024-10-06,94
Perturbação do sossego,2024-10-07,58
Perturbação do sossego,2024-10-08,49
Perturbação do sossego,2024-10-09,56
Perturbação do sossego,2024-10-10,58
Perturbação do sossego,2024-10-11,82
Perturbação do sossego,2024-10-12,61
Perturbação do sossego,2024-10-13,79
Perturbação do sossego,2024-10-14,54
Perturbação do sossego,2024-10-15,43
Perturbação do sossego,2024-10-16,66
Perturbação do sossego,2024-10-17,64
Perturbação do sossego,2024-10-18,62
Perturbação do sossego,2024-10-19,78
Perturbação do sossego,2024-10-20,70
Perturbação do sossego,2024-10-21,75
Perturbação do sossego,2024-10-22,52
Perturbação do sossego,2024-10-23,51
Perturbação do sossego,2024-10-24,35
Perturbação do sossego,2024-10-25,79
Perturbação do sossego,2024-10-26,69
Perturbação do sossego,2024-10-27,82
Perturbação do sossego,2024-10-28,51
Perturbação do sossego,2024-10-29,45
Perturbação do sossego,2024-10-30,69
Perturbação do sossego,2024-10-31,63
Perturbação do sossego,2024-11-01,74
Perturbação do sossego,2024-11-02,96
Perturbação do sossego,2024-11-03,121
Perturbação do sossego,2024-11-04,31
Perturbação do sossego,2024-11-05,47
Perturbação do sossego,2024-11-06,47
Perturbação do sossego,2024-11-07,49
Perturbação do sossego,2024-11-08,51
Perturbação do sossego,2024-11-09,104
Perturbação do sossego,2024-11-10,90
Perturbação do sossego,2024-11-11,40
Perturbação do sossego,2024-11-12,58
Perturbação do sossego,2024-11-13,46
Perturbação do sossego,2024-11-14,56
Perturbação do sossego,2024-11-15,69
Perturbação do sossego,2024-11-16,61
Perturbação do sossego,2024-11-17,108
Perturbação do sossego,2024-11-18,50
Perturbação do sossego,2024-11-19,51
Perturbação do sossego,2024-11-20,89
Perturbação do sossego,2024-11-21,32
Perturbação do sossego,2024-11-22,79
Perturbação do sossego,2024-11-23,113
Perturbação do sossego,2024-11-24,105
Perturbação do sossego,2024-11-25,94
Perturbação do sossego,2024-11-26,56
Perturbação do sossego,2024-11-27,55
Perturbação do sossego,2024-11-28,58
Perturbação do sossego,2024-11-29,63
Perturbação do sossego,2024-11-30,115
Perturbação do sossego,2024-12-01,100
Perturbação do sossego,2024-12-02,63
Perturbação do sossego,2024-12-03,33
Perturbação do sossego,2024-12-04,38
Perturbação do sossego,2024-12-05,45
Perturbação do sossego,2024-12-06,97
Perturbação do sossego,2024-12-07,96
Perturbação do sossego,2024-12-08,109
Perturbação do sossego,2024-12-09,76
Perturbação do sossego,2024-12-10,55
Perturbação do sossego,2024-12-11,79
Perturbação do sossego,2024-12-12,126
Perturbação do sossego,2024-12-13,126
Perturbação do sossego,2024-12-14,162
Perturbação do sossego,2024-12-15,133
Perturbação do sossego,2024-12-16,81
Perturbação do sossego,2024-12-17,83
Perturbação do sossego,2024-12-18,74
Perturbação do sossego,2024-12-19,51
Perturbação do sossego,2024-12-20,65
Perturbação do sossego,2024-12-21,81
Perturbação do sossego,2024-12-22,76
Perturbação do sossego,2024-12-23,52
Perturbação do sossego,2024-12-24,36
Perturbação do sossego,2024-12-25,41
Perturbação do sossego,2024-12-26,32
Perturbação do sossego,2024-12-27,87
Perturbação do sossego,2024-12-28,105
Perturbação do sossego,2024-12-29,75
Perturbação do sossego,2024-12-30,35
Perturbação do sossego,2024-12-31,32
Perturbação do sossego,2025-01-01,52
Perturbação do sossego,2025-01-02,53
Perturbação do sossego,2025-01-03,73
Perturbação do sossego,2025-01-04,71
Perturbação do sossego,2025-01-05,61
Perturbação do sossego,2025-01-06,56
Perturbação do sossego,2025-01-07,40
Perturbação do sossego,2025-01-08,55
Perturbação do sossego,2025-01-09,36
Perturbação do sossego,2025-01-10,62
Perturbação do sossego,2025-01-11,132
Perturbação do sossego,2025-01-12,110
Perturbação do sossego,2025-01-13,57
Perturbação do sossego,2025-01-14,71
Perturbação do sossego,2025-01-15,93
Perturbação do sossego,2025-01-16,81
Perturbação do sossego,2025-01-17,81
Perturbação do sossego,2025-01-18,121
Perturbação do sossego,2025-01-19,111
Perturbação do sossego,2025-01-20,126
Perturbação do sossego,2025-01-21,71
Perturbação do sossego,2025-01-22,74
Perturbação do sossego,2025-01-23,49
Perturbação do sossego,2025-01-24,72
Perturbação do sossego,2025-01-25,94
Perturbação do sossego,2025-01-26,84
Perturbação do sossego,2025-01-27,49
Perturbação do sossego,2025-01-28,61
Perturbação do sossego,2025-01-29,67
Perturbação do sossego,2025-01-30,50
Perturbação do sossego,2025-01-31,77
Perturbação do sossego,2025-02-01,88
Perturbação do sossego,2025-02-02,122
Perturbação do sossego,2025-02-03,57
Perturbação do sossego,2025-02-04,47
Perturbação do sossego,2025-02-05,41
Perturbação do sossego,2025-02-06,70
Perturbação do sossego,2025-02-07,73
Perturbação do sossego,2025-02-08,104
Perturbação do sossego,2025-02-09,98
Perturbação do sossego,2025-02-10,70
Perturbação do sossego,2025-02-11,47
Perturbação do sossego,2025-02-12,49
Perturbação do sossego,2025-02-13,48
Perturbação do sossego,2025-02-14,83
Perturbação do sossego,2025-02-15,99
Perturbação do sossego,2025-02-16,74
Perturbação do sossego,2025-02-17,41
Perturbação do sossego,2025-02-18,44
Perturbação do sossego,2025-02-19,39
Perturbação do sossego,2025-02-20,35
Perturbação do sossego,2025-02-21,98
Perturbação do sossego,2025-02-22,80
Perturbação do sossego,2025-02-23,76
Perturbação do sossego,2025-02-24,50
Perturbação do sossego,2025-02-25,62
Perturbação do sossego,2025-02-26,35
Perturbação do sossego,2025-02-27,55
Perturbação do sossego,2025-02-28,51
Perturbação do sossego,2025-03-01,87
Perturbação do sossego,2025-03-02,62
Perturbação do sossego,2025-03-03,60
Perturbação do sossego,2025-03-04,55
Perturbação do sossego,2025-03-05,57
Perturbação do sossego,2025-03-06,57
Perturbação do sossego,2025-03-07,97
Perturbação do sossego,2025-03-08,107
Perturbação do sossego,2025-03-09,59
Perturbação do sossego,2025-03-10,37
Perturbação do sossego,2025-03-11,45
Perturbação do sossego,2025-03-12,78
Perturbação do sossego,2025-03-13,65
Perturbação do sossego,2025-03-14,71
Perturbação do sossego,2025-03-15,76
Perturbação do sossego,2025-03-16,97
Perturbação do sossego,2025-03-17,53
Perturbação do sossego,2025-03-18,67
Perturbação do sossego,2025-03-19,3